N,P,K,temperature,humidity,ph,rainfall,label
90,50,50,25,85,6.5,220,Rice
90,50,50,25,85,6.5,220,Rice
90,50,50,25,85,6.5,220,Rice
90,50,50,25,85,6.5,220,Rice
90,50,50,25,85,6.5,220,Rice
90,50,50,25,85,6.5,220,Rice
90,50,50,25,85,6.5,220,Rice
90,50,50,25,85,6.5,220,Rice
90,50,50,25,85,6.5,220,Rice
90,50,50,25,85,6.5,220,Rice
90,50,50,25,85,6.5,220,Rice
90,50,50,25,85,6.5,220,Rice
90,50,50,25,85,6.5,220,Rice
90,50,50,25,85,6.5,220,Rice
90,50,50,25,85,6.5,220,Rice
90,50,50,25,85,6.5,220,Rice
90,50,50,25,85,6.5,220,Rice
90,50,50,25,85,6.5,220,Rice
90,50,50,25,85,6.5,220,Rice
90,50,50,25,85,6.5,220,Rice
90,50,50,25,85,6.5,220,Rice
90,50,50,25,85,6.5,220,Rice
90,50,50,25,85,6.5,220,Rice
90,50,50,25,85,6.5,220,Rice
90,50,50,25,85,6.5,220,Rice
90,50,50,25,85,6.5,220,Rice
90,50,50,25,85,6.5,220,Rice
90,50,50,25,85,6.5,220,Rice
90,50,50,25,85,6.5,220,Rice
90,50,50,25,85,6.5,220,Rice
90,50,50,25,85,6.5,220,Rice
90,50,50,25,85,6.5,220,Rice
90,50,50,25,85,6.5,220,Rice
90,50,50,25,85,6.5,220,Rice
90,50,50,25,85,6.5,220,Rice
90,50,50,25,85,6.5,220,Rice
90,50,50,25,85,6.5,220,Rice
90,50,50,25,85,6.5,220,Rice
90,50,50,25,85,6.5,220,Rice
90,50,50,25,85,6.5,220,Rice
90,50,50,25,85,6.5,220,Rice
90,50,50,25,85,6.5,220,Rice
90,50,50,25,85,6.5,220,Rice
90,50,50,25,85,6.5,220,Rice
90,50,50,25,85,6.5,220,Rice
90,50,50,25,85,6.5,220,Rice
90,50,50,25,85,6.5,220,Rice
90,50,50,25,85,6.5,220,Rice
90,50,50,25,85,6.5,220,Rice
90,50,50,25,85,6.5,220,Rice
90,50,50,25,85,6.5,220,Rice
90,50,50,25,85,6.5,220,Rice
90,50,50,25,85,6.5,220,Rice
90,50,50,25,85,6.5,220,Rice
90,50,50,25,85,6.5,220,Rice
90,50,50,25,85,6.5,220,Rice
90,50,50,25,85,6.5,220,Rice
90,50,50,25,85,6.5,220,Rice
90,50,50,25,85,6.5,220,Rice
90,50,50,25,85,6.5,220,Rice
90,50,50,25,85,6.5,220,Rice
90,50,50,25,85,6.5,220,Rice
90,50,50,25,85,6.5,220,Rice
90,50,50,25,85,6.5,220,Rice
90,50,50,25,85,6.5,220,Rice
90,50,50,25,85,6.5,220,Rice
90,50,50,25,85,6.5,220,Rice
90,50,50,25,85,6.5,220,Rice
90,50,50,25,85,6.5,220,Rice
90,50,50,25,85,6.5,220,Rice
90,50,50,25,85,6.5,220,Rice
90,50,50,25,85,6.5,220,Rice
90,50,50,25,85,6.5,220,Rice
90,50,50,25,85,6.5,220,Rice
90,50,50,25,85,6.5,220,Rice
90,50,50,25,85,6.5,220,Rice
90,50,50,25,85,6.5,220,Rice
90,50,50,25,85,6.5,220,Rice
90,50,50,25,85,6.5,220,Rice
90,50,50,25,85,6.5,220,Rice
90,50,50,25,85,6.5,220,Rice
90,50,50,25,85,6.5,220,Rice
90,50,50,25,85,6.5,220,Rice
90,50,50,25,85,6.5,220,Rice
90,50,50,25,85,6.5,220,Rice
90,50,50,25,85,6.5,220,Rice
90,50,50,25,85,6.5,220,Rice
90,50,50,25,85,6.5,220,Rice
90,50,50,25,85,6.5,220,Rice
90,50,50,25,85,6.5,220,Rice
90,50,50,25,85,6.5,220,Rice
90,50,50,25,85,6.5,220,Rice
90,50,50,25,85,6.5,220,Rice
90,50,50,25,85,6.5,220,Rice
90,50,50,25,85,6.5,220,Rice
90,50,50,25,85,6.5,220,Rice
90,50,50,25,85,6.5,220,Rice
90,50,50,25,85,6.5,220,Rice
90,50,50,25,85,6.5,220,Rice
90,50,50,25,85,6.5,220,Rice
90,50,50,25,85,6.5,220,Rice
90,50,50,25,85,6.5,220,Rice
90,50,50,25,85,6.5,220,Rice
90,50,50,25,85,6.5,220,Rice
90,50,50,25,85,6.5,220,Rice
90,50,50,25,85,6.5,220,Rice
90,50,50,25,85,6.5,220,Rice
90,50,50,25,85,6.5,220,Rice
90,50,50,25,85,6.5,220,Rice
90,50,50,25,85,6.5,220,Rice
90,50,50,25,85,6.5,220,Rice
90,50,50,25,85,6.5,220,Rice
90,50,50,25,85,6.5,220,Rice
90,50,50,25,85,6.5,220,Rice
90,50,50,25,85,6.5,220,Rice
90,50,50,25,85,6.5,220,Rice
90,50,50,25,85,6.5,220,Rice
90,50,50,25,85,6.5,220,Rice
90,50,50,25,85,6.5,220,Rice
90,50,50,25,85,6.5,220,Rice
90,50,50,25,85,6.5,220,Rice
90,50,50,25,85,6.5,220,Rice
90,50,50,25,85,6.5,220,Rice
90,50,50,25,85,6.5,220,Rice
90,50,50,25,85,6.5,220,Rice
90,50,50,25,85,6.5,220,Rice
90,50,50,25,85,6.5,220,Rice
90,50,50,25,85,6.5,220,Rice
90,50,50,25,85,6.5,220,Rice
90,50,50,25,85,6.5,220,Rice
90,50,50,25,85,6.5,220,Rice
90,50,50,25,85,6.5,220,Rice
90,50,50,25,85,6.5,220,Rice
90,50,50,25,85,6.5,220,Rice
90,50,50,25,85,6.5,220,Rice
90,50,50,25,85,6.5,220,Rice
90,50,50,25,85,6.5,220,Rice
90,50,50,25,85,6.5,220,Rice
90,50,50,25,85,6.5,220,Rice
90,50,50,25,85,6.5,220,Rice
90,50,50,25,85,6.5,220,Rice
90,50,50,25,85,6.5,220,Rice
90,50,50,25,85,6.5,220,Rice
90,50,50,25,85,6.5,220,Rice
90,50,50,25,85,6.5,220,Rice
90,50,50,25,85,6.5,220,Rice
90,50,50,25,85,6.5,220,Rice
90,50,50,25,85,6.5,220,Rice
90,50,50,25,85,6.5,220,Rice
90,50,50,25,85,6.5,220,Rice
90,50,50,25,85,6.5,220,Rice
90,50,50,25,85,6.5,220,Rice
90,50,50,25,85,6.5,220,Rice
90,50,50,25,85,6.5,220,Rice
90,50,50,25,85,6.5,220,Rice
90,50,50,25,85,6.5,220,Rice
90,50,50,25,85,6.5,220,Rice
90,50,50,25,85,6.5,220,Rice
90,50,50,25,85,6.5,220,Rice
90,50,50,25,85,6.5,220,Rice
90,50,50,25,85,6.5,220,Rice
90,50,50,25,85,6.5,220,Rice
90,50,50,25,85,6.5,220,Rice
90,50,50,25,85,6.5,220,Rice
90,50,50,25,85,6.5,220,Rice
90,50,50,25,85,6.5,220,Rice
90,50,50,25,85,6.5,220,Rice
90,50,50,25,85,6.5,220,Rice
90,50,50,25,85,6.5,220,Rice
90,50,50,25,85,6.5,220,Rice
90,50,50,25,85,6.5,220,Rice
90,50,50,25,85,6.5,220,Rice
90,50,50,25,85,6.5,220,Rice
90,50,50,25,85,6.5,220,Rice
90,50,50,25,85,6.5,220,Rice
90,50,50,25,85,6.5,220,Rice
90,50,50,25,85,6.5,220,Rice
90,50,50,25,85,6.5,220,Rice
90,50,50,25,85,6.5,220,Rice
90,50,50,25,85,6.5,220,Rice
90,50,50,25,85,6.5,220,Rice
90,50,50,25,85,6.5,220,Rice
90,50,50,25,85,6.5,220,Rice
90,50,50,25,85,6.5,220,Rice
90,50,50,25,85,6.5,220,Rice
90,50,50,25,85,6.5,220,Rice
90,50,50,25,85,6.5,220,Rice
90,50,50,25,85,6.5,220,Rice
90,50,50,25,85,6.5,220,Rice
90,50,50,25,85,6.5,220,Rice
90,50,50,25,85,6.5,220,Rice
90,50,50,25,85,6.5,220,Rice
90,50,50,25,85,6.5,220,Rice
90,50,50,25,85,6.5,220,Rice
90,50,50,25,85,6.5,220,Rice
90,50,50,25,85,6.5,220,Rice
90,50,50,25,85,6.5,220,Rice
90,50,50,25,85,6.5,220,Rice
90,50,50,25,85,6.5,220,Rice
90,50,50,25,85,6.5,220,Rice
60,55,55,24,65,6.8,120,Maize
60,55,55,24,65,6.8,120,Maize
60,55,55,24,65,6.8,120,Maize
60,55,55,24,65,6.8,120,Maize
60,55,55,24,65,6.8,120,Maize
60,55,55,24,65,6.8,120,Maize
60,55,55,24,65,6.8,120,Maize
60,55,55,24,65,6.8,120,Maize
60,55,55,24,65,6.8,120,Maize
60,55,55,24,65,6.8,120,Maize
60,55,55,24,65,6.8,120,Maize
60,55,55,24,65,6.8,120,Maize
60,55,55,24,65,6.8,120,Maize
60,55,55,24,65,6.8,120,Maize
60,55,55,24,65,6.8,120,Maize
60,55,55,24,65,6.8,120,Maize
60,55,55,24,65,6.8,120,Maize
60,55,55,24,65,6.8,120,Maize
60,55,55,24,65,6.8,120,Maize
60,55,55,24,65,6.8,120,Maize
60,55,55,24,65,6.8,120,Maize
60,55,55,24,65,6.8,120,Maize
60,55,55,24,65,6.8,120,Maize
60,55,55,24,65,6.8,120,Maize
60,55,55,24,65,6.8,120,Maize
60,55,55,24,65,6.8,120,Maize
60,55,55,24,65,6.8,120,Maize
60,55,55,24,65,6.8,120,Maize
60,55,55,24,65,6.8,120,Maize
60,55,55,24,65,6.8,120,Maize
60,55,55,24,65,6.8,120,Maize
60,55,55,24,65,6.8,120,Maize
60,55,55,24,65,6.8,120,Maize
60,55,55,24,65,6.8,120,Maize
60,55,55,24,65,6.8,120,Maize
60,55,55,24,65,6.8,120,Maize
60,55,55,24,65,6.8,120,Maize
60,55,55,24,65,6.8,120,Maize
60,55,55,24,65,6.8,120,Maize
60,55,55,24,65,6.8,120,Maize
60,55,55,24,65,6.8,120,Maize
60,55,55,24,65,6.8,120,Maize
60,55,55,24,65,6.8,120,Maize
60,55,55,24,65,6.8,120,Maize
60,55,55,24,65,6.8,120,Maize
60,55,55,24,65,6.8,120,Maize
60,55,55,24,65,6.8,120,Maize
60,55,55,24,65,6.8,120,Maize
60,55,55,24,65,6.8,120,Maize
60,55,55,24,65,6.8,120,Maize
60,55,55,24,65,6.8,120,Maize
60,55,55,24,65,6.8,120,Maize
60,55,55,24,65,6.8,120,Maize
60,55,55,24,65,6.8,120,Maize
60,55,55,24,65,6.8,120,Maize
60,55,55,24,65,6.8,120,Maize
60,55,55,24,65,6.8,120,Maize
60,55,55,24,65,6.8,120,Maize
60,55,55,24,65,6.8,120,Maize
60,55,55,24,65,6.8,120,Maize
60,55,55,24,65,6.8,120,Maize
60,55,55,24,65,6.8,120,Maize
60,55,55,24,65,6.8,120,Maize
60,55,55,24,65,6.8,120,Maize
60,55,55,24,65,6.8,120,Maize
60,55,55,24,65,6.8,120,Maize
60,55,55,24,65,6.8,120,Maize
60,55,55,24,65,6.8,120,Maize
60,55,55,24,65,6.8,120,Maize
60,55,55,24,65,6.8,120,Maize
60,55,55,24,65,6.8,120,Maize
60,55,55,24,65,6.8,120,Maize
60,55,55,24,65,6.8,120,Maize
60,55,55,24,65,6.8,120,Maize
60,55,55,24,65,6.8,120,Maize
60,55,55,24,65,6.8,120,Maize
60,55,55,24,65,6.8,120,Maize
60,55,55,24,65,6.8,120,Maize
60,55,55,24,65,6.8,120,Maize
60,55,55,24,65,6.8,120,Maize
60,55,55,24,65,6.8,120,Maize
60,55,55,24,65,6.8,120,Maize
60,55,55,24,65,6.8,120,Maize
60,55,55,24,65,6.8,120,Maize
60,55,55,24,65,6.8,120,Maize
60,55,55,24,65,6.8,120,Maize
60,55,55,24,65,6.8,120,Maize
60,55,55,24,65,6.8,120,Maize
60,55,55,24,65,6.8,120,Maize
60,55,55,24,65,6.8,120,Maize
60,55,55,24,65,6.8,120,Maize
60,55,55,24,65,6.8,120,Maize
60,55,55,24,65,6.8,120,Maize
60,55,55,24,65,6.8,120,Maize
60,55,55,24,65,6.8,120,Maize
60,55,55,24,65,6.8,120,Maize
60,55,55,24,65,6.8,120,Maize
60,55,55,24,65,6.8,120,Maize
60,55,55,24,65,6.8,120,Maize
60,55,55,24,65,6.8,120,Maize
60,55,55,24,65,6.8,120,Maize
60,55,55,24,65,6.8,120,Maize
60,55,55,24,65,6.8,120,Maize
60,55,55,24,65,6.8,120,Maize
60,55,55,24,65,6.8,120,Maize
60,55,55,24,65,6.8,120,Maize
60,55,55,24,65,6.8,120,Maize
60,55,55,24,65,6.8,120,Maize
60,55,55,24,65,6.8,120,Maize
60,55,55,24,65,6.8,120,Maize
60,55,55,24,65,6.8,120,Maize
60,55,55,24,65,6.8,120,Maize
60,55,55,24,65,6.8,120,Maize
60,55,55,24,65,6.8,120,Maize
60,55,55,24,65,6.8,120,Maize
60,55,55,24,65,6.8,120,Maize
60,55,55,24,65,6.8,120,Maize
60,55,55,24,65,6.8,120,Maize
60,55,55,24,65,6.8,120,Maize
60,55,55,24,65,6.8,120,Maize
60,55,55,24,65,6.8,120,Maize
60,55,55,24,65,6.8,120,Maize
60,55,55,24,65,6.8,120,Maize
60,55,55,24,65,6.8,120,Maize
60,55,55,24,65,6.8,120,Maize
60,55,55,24,65,6.8,120,Maize
60,55,55,24,65,6.8,120,Maize
60,55,55,24,65,6.8,120,Maize
60,55,55,24,65,6.8,120,Maize
60,55,55,24,65,6.8,120,Maize
60,55,55,24,65,6.8,120,Maize
60,55,55,24,65,6.8,120,Maize
60,55,55,24,65,6.8,120,Maize
60,55,55,24,65,6.8,120,Maize
60,55,55,24,65,6.8,120,Maize
60,55,55,24,65,6.8,120,Maize
60,55,55,24,65,6.8,120,Maize
60,55,55,24,65,6.8,120,Maize
60,55,55,24,65,6.8,120,Maize
60,55,55,24,65,6.8,120,Maize
60,55,55,24,65,6.8,120,Maize
60,55,55,24,65,6.8,120,Maize
60,55,55,24,65,6.8,120,Maize
60,55,55,24,65,6.8,120,Maize
60,55,55,24,65,6.8,120,Maize
60,55,55,24,65,6.8,120,Maize
60,55,55,24,65,6.8,120,Maize
60,55,55,24,65,6.8,120,Maize
60,55,55,24,65,6.8,120,Maize
60,55,55,24,65,6.8,120,Maize
60,55,55,24,65,6.8,120,Maize
60,55,55,24,65,6.8,120,Maize
60,55,55,24,65,6.8,120,Maize
60,55,55,24,65,6.8,120,Maize
60,55,55,24,65,6.8,120,Maize
60,55,55,24,65,6.8,120,Maize
60,55,55,24,65,6.8,120,Maize
60,55,55,24,65,6.8,120,Maize
60,55,55,24,65,6.8,120,Maize
60,55,55,24,65,6.8,120,Maize
60,55,55,24,65,6.8,120,Maize
60,55,55,24,65,6.8,120,Maize
60,55,55,24,65,6.8,120,Maize
60,55,55,24,65,6.8,120,Maize
60,55,55,24,65,6.8,120,Maize
60,55,55,24,65,6.8,120,Maize
60,55,55,24,65,6.8,120,Maize
60,55,55,24,65,6.8,120,Maize
60,55,55,24,65,6.8,120,Maize
60,55,55,24,65,6.8,120,Maize
60,55,55,24,65,6.8,120,Maize
60,55,55,24,65,6.8,120,Maize
60,55,55,24,65,6.8,120,Maize
60,55,55,24,65,6.8,120,Maize
60,55,55,24,65,6.8,120,Maize
60,55,55,24,65,6.8,120,Maize
60,55,55,24,65,6.8,120,Maize
60,55,55,24,65,6.8,120,Maize
60,55,55,24,65,6.8,120,Maize
60,55,55,24,65,6.8,120,Maize
60,55,55,24,65,6.8,120,Maize
60,55,55,24,65,6.8,120,Maize
60,55,55,24,65,6.8,120,Maize
60,55,55,24,65,6.8,120,Maize
60,55,55,24,65,6.8,120,Maize
60,55,55,24,65,6.8,120,Maize
60,55,55,24,65,6.8,120,Maize
60,55,55,24,65,6.8,120,Maize
60,55,55,24,65,6.8,120,Maize
60,55,55,24,65,6.8,120,Maize
60,55,55,24,65,6.8,120,Maize
60,55,55,24,65,6.8,120,Maize
60,55,55,24,65,6.8,120,Maize
60,55,55,24,65,6.8,120,Maize
60,55,55,24,65,6.8,120,Maize
60,55,55,24,65,6.8,120,Maize
60,55,55,24,65,6.8,120,Maize
60,55,55,24,65,6.8,120,Maize
60,55,55,24,65,6.8,120,Maize
60,55,55,24,65,6.8,120,Maize
45,50,45,30,55,7.0,90,Cotton
45,50,45,30,55,7.0,90,Cotton
45,50,45,30,55,7.0,90,Cotton
45,50,45,30,55,7.0,90,Cotton
45,50,45,30,55,7.0,90,Cotton
45,50,45,30,55,7.0,90,Cotton
45,50,45,30,55,7.0,90,Cotton
45,50,45,30,55,7.0,90,Cotton
45,50,45,30,55,7.0,90,Cotton
45,50,45,30,55,7.0,90,Cotton
45,50,45,30,55,7.0,90,Cotton
45,50,45,30,55,7.0,90,Cotton
45,50,45,30,55,7.0,90,Cotton
45,50,45,30,55,7.0,90,Cotton
45,50,45,30,55,7.0,90,Cotton
45,50,45,30,55,7.0,90,Cotton
45,50,45,30,55,7.0,90,Cotton
45,50,45,30,55,7.0,90,Cotton
45,50,45,30,55,7.0,90,Cotton
45,50,45,30,55,7.0,90,Cotton
45,50,45,30,55,7.0,90,Cotton
45,50,45,30,55,7.0,90,Cotton
45,50,45,30,55,7.0,90,Cotton
45,50,45,30,55,7.0,90,Cotton
45,50,45,30,55,7.0,90,Cotton
45,50,45,30,55,7.0,90,Cotton
45,50,45,30,55,7.0,90,Cotton
45,50,45,30,55,7.0,90,Cotton
45,50,45,30,55,7.0,90,Cotton
45,50,45,30,55,7.0,90,Cotton
45,50,45,30,55,7.0,90,Cotton
45,50,45,30,55,7.0,90,Cotton
45,50,45,30,55,7.0,90,Cotton
45,50,45,30,55,7.0,90,Cotton
45,50,45,30,55,7.0,90,Cotton
45,50,45,30,55,7.0,90,Cotton
45,50,45,30,55,7.0,90,Cotton
45,50,45,30,55,7.0,90,Cotton
45,50,45,30,55,7.0,90,Cotton
45,50,45,30,55,7.0,90,Cotton
45,50,45,30,55,7.0,90,Cotton
45,50,45,30,55,7.0,90,Cotton
45,50,45,30,55,7.0,90,Cotton
45,50,45,30,55,7.0,90,Cotton
45,50,45,30,55,7.0,90,Cotton
45,50,45,30,55,7.0,90,Cotton
45,50,45,30,55,7.0,90,Cotton
45,50,45,30,55,7.0,90,Cotton
45,50,45,30,55,7.0,90,Cotton
45,50,45,30,55,7.0,90,Cotton
45,50,45,30,55,7.0,90,Cotton
45,50,45,30,55,7.0,90,Cotton
45,50,45,30,55,7.0,90,Cotton
45,50,45,30,55,7.0,90,Cotton
45,50,45,30,55,7.0,90,Cotton
45,50,45,30,55,7.0,90,Cotton
45,50,45,30,55,7.0,90,Cotton
45,50,45,30,55,7.0,90,Cotton
45,50,45,30,55,7.0,90,Cotton
45,50,45,30,55,7.0,90,Cotton
45,50,45,30,55,7.0,90,Cotton
45,50,45,30,55,7.0,90,Cotton
45,50,45,30,55,7.0,90,Cotton
45,50,45,30,55,7.0,90,Cotton
45,50,45,30,55,7.0,90,Cotton
45,50,45,30,55,7.0,90,Cotton
45,50,45,30,55,7.0,90,Cotton
45,50,45,30,55,7.0,90,Cotton
45,50,45,30,55,7.0,90,Cotton
45,50,45,30,55,7.0,90,Cotton
45,50,45,30,55,7.0,90,Cotton
45,50,45,30,55,7.0,90,Cotton
45,50,45,30,55,7.0,90,Cotton
45,50,45,30,55,7.0,90,Cotton
45,50,45,30,55,7.0,90,Cotton
45,50,45,30,55,7.0,90,Cotton
45,50,45,30,55,7.0,90,Cotton
45,50,45,30,55,7.0,90,Cotton
45,50,45,30,55,7.0,90,Cotton
45,50,45,30,55,7.0,90,Cotton
45,50,45,30,55,7.0,90,Cotton
45,50,45,30,55,7.0,90,Cotton
45,50,45,30,55,7.0,90,Cotton
45,50,45,30,55,7.0,90,Cotton
45,50,45,30,55,7.0,90,Cotton
45,50,45,30,55,7.0,90,Cotton
45,50,45,30,55,7.0,90,Cotton
45,50,45,30,55,7.0,90,Cotton
45,50,45,30,55,7.0,90,Cotton
45,50,45,30,55,7.0,90,Cotton
45,50,45,30,55,7.0,90,Cotton
45,50,45,30,55,7.0,90,Cotton
45,50,45,30,55,7.0,90,Cotton
45,50,45,30,55,7.0,90,Cotton
45,50,45,30,55,7.0,90,Cotton
45,50,45,30,55,7.0,90,Cotton
45,50,45,30,55,7.0,90,Cotton
45,50,45,30,55,7.0,90,Cotton
45,50,45,30,55,7.0,90,Cotton
45,50,45,30,55,7.0,90,Cotton
45,50,45,30,55,7.0,90,Cotton
45,50,45,30,55,7.0,90,Cotton
45,50,45,30,55,7.0,90,Cotton
45,50,45,30,55,7.0,90,Cotton
45,50,45,30,55,7.0,90,Cotton
45,50,45,30,55,7.0,90,Cotton
45,50,45,30,55,7.0,90,Cotton
45,50,45,30,55,7.0,90,Cotton
45,50,45,30,55,7.0,90,Cotton
45,50,45,30,55,7.0,90,Cotton
45,50,45,30,55,7.0,90,Cotton
45,50,45,30,55,7.0,90,Cotton
45,50,45,30,55,7.0,90,Cotton
45,50,45,30,55,7.0,90,Cotton
45,50,45,30,55,7.0,90,Cotton
45,50,45,30,55,7.0,90,Cotton
45,50,45,30,55,7.0,90,Cotton
45,50,45,30,55,7.0,90,Cotton
45,50,45,30,55,7.0,90,Cotton
45,50,45,30,55,7.0,90,Cotton
45,50,45,30,55,7.0,90,Cotton
45,50,45,30,55,7.0,90,Cotton
45,50,45,30,55,7.0,90,Cotton
45,50,45,30,55,7.0,90,Cotton
45,50,45,30,55,7.0,90,Cotton
45,50,45,30,55,7.0,90,Cotton
45,50,45,30,55,7.0,90,Cotton
45,50,45,30,55,7.0,90,Cotton
45,50,45,30,55,7.0,90,Cotton
45,50,45,30,55,7.0,90,Cotton
45,50,45,30,55,7.0,90,Cotton
45,50,45,30,55,7.0,90,Cotton
45,50,45,30,55,7.0,90,Cotton
45,50,45,30,55,7.0,90,Cotton
45,50,45,30,55,7.0,90,Cotton
45,50,45,30,55,7.0,90,Cotton
45,50,45,30,55,7.0,90,Cotton
45,50,45,30,55,7.0,90,Cotton
45,50,45,30,55,7.0,90,Cotton
45,50,45,30,55,7.0,90,Cotton
45,50,45,30,55,7.0,90,Cotton
45,50,45,30,55,7.0,90,Cotton
45,50,45,30,55,7.0,90,Cotton
45,50,45,30,55,7.0,90,Cotton
45,50,45,30,55,7.0,90,Cotton
45,50,45,30,55,7.0,90,Cotton
45,50,45,30,55,7.0,90,Cotton
45,50,45,30,55,7.0,90,Cotton
45,50,45,30,55,7.0,90,Cotton
45,50,45,30,55,7.0,90,Cotton
45,50,45,30,55,7.0,90,Cotton
45,50,45,30,55,7.0,90,Cotton
45,50,45,30,55,7.0,90,Cotton
45,50,45,30,55,7.0,90,Cotton
45,50,45,30,55,7.0,90,Cotton
45,50,45,30,55,7.0,90,Cotton
45,50,45,30,55,7.0,90,Cotton
45,50,45,30,55,7.0,90,Cotton
45,50,45,30,55,7.0,90,Cotton
45,50,45,30,55,7.0,90,Cotton
45,50,45,30,55,7.0,90,Cotton
45,50,45,30,55,7.0,90,Cotton
45,50,45,30,55,7.0,90,Cotton
45,50,45,30,55,7.0,90,Cotton
45,50,45,30,55,7.0,90,Cotton
45,50,45,30,55,7.0,90,Cotton
45,50,45,30,55,7.0,90,Cotton
45,50,45,30,55,7.0,90,Cotton
45,50,45,30,55,7.0,90,Cotton
45,50,45,30,55,7.0,90,Cotton
45,50,45,30,55,7.0,90,Cotton
45,50,45,30,55,7.0,90,Cotton
45,50,45,30,55,7.0,90,Cotton
45,50,45,30,55,7.0,90,Cotton
45,50,45,30,55,7.0,90,Cotton
45,50,45,30,55,7.0,90,Cotton
45,50,45,30,55,7.0,90,Cotton
45,50,45,30,55,7.0,90,Cotton
45,50,45,30,55,7.0,90,Cotton
45,50,45,30,55,7.0,90,Cotton
45,50,45,30,55,7.0,90,Cotton
45,50,45,30,55,7.0,90,Cotton
45,50,45,30,55,7.0,90,Cotton
45,50,45,30,55,7.0,90,Cotton
45,50,45,30,55,7.0,90,Cotton
45,50,45,30,55,7.0,90,Cotton
45,50,45,30,55,7.0,90,Cotton
45,50,45,30,55,7.0,90,Cotton
45,50,45,30,55,7.0,90,Cotton
45,50,45,30,55,7.0,90,Cotton
45,50,45,30,55,7.0,90,Cotton
45,50,45,30,55,7.0,90,Cotton
45,50,45,30,55,7.0,90,Cotton
45,50,45,30,55,7.0,90,Cotton
45,50,45,30,55,7.0,90,Cotton
45,50,45,30,55,7.0,90,Cotton
45,50,45,30,55,7.0,90,Cotton
45,50,45,30,55,7.0,90,Cotton
45,50,45,30,55,7.0,90,Cotton
45,50,45,30,55,7.0,90,Cotton
30,45,30,15,50,6.8,80,Wheat
30,45,30,15,50,6.8,80,Wheat
30,45,30,15,50,6.8,80,Wheat
30,45,30,15,50,6.8,80,Wheat
30,45,30,15,50,6.8,80,Wheat
30,45,30,15,50,6.8,80,Wheat
30,45,30,15,50,6.8,80,Wheat
30,45,30,15,50,6.8,80,Wheat
30,45,30,15,50,6.8,80,Wheat
30,45,30,15,50,6.8,80,Wheat
30,45,30,15,50,6.8,80,Wheat
30,45,30,15,50,6.8,80,Wheat
30,45,30,15,50,6.8,80,Wheat
30,45,30,15,50,6.8,80,Wheat
30,45,30,15,50,6.8,80,Wheat
30,45,30,15,50,6.8,80,Wheat
30,45,30,15,50,6.8,80,Wheat
30,45,30,15,50,6.8,80,Wheat
30,45,30,15,50,6.8,80,Wheat
30,45,30,15,50,6.8,80,Wheat
30,45,30,15,50,6.8,80,Wheat
30,45,30,15,50,6.8,80,Wheat
30,45,30,15,50,6.8,80,Wheat
30,45,30,15,50,6.8,80,Wheat
30,45,30,15,50,6.8,80,Wheat
30,45,30,15,50,6.8,80,Wheat
30,45,30,15,50,6.8,80,Wheat
30,45,30,15,50,6.8,80,Wheat
30,45,30,15,50,6.8,80,Wheat
30,45,30,15,50,6.8,80,Wheat
30,45,30,15,50,6.8,80,Wheat
30,45,30,15,50,6.8,80,Wheat
30,45,30,15,50,6.8,80,Wheat
30,45,30,15,50,6.8,80,Wheat
30,45,30,15,50,6.8,80,Wheat
30,45,30,15,50,6.8,80,Wheat
30,45,30,15,50,6.8,80,Wheat
30,45,30,15,50,6.8,80,Wheat
30,45,30,15,50,6.8,80,Wheat
30,45,30,15,50,6.8,80,Wheat
30,45,30,15,50,6.8,80,Wheat
30,45,30,15,50,6.8,80,Wheat
30,45,30,15,50,6.8,80,Wheat
30,45,30,15,50,6.8,80,Wheat
30,45,30,15,50,6.8,80,Wheat
30,45,30,15,50,6.8,80,Wheat
30,45,30,15,50,6.8,80,Wheat
30,45,30,15,50,6.8,80,Wheat
30,45,30,15,50,6.8,80,Wheat
30,45,30,15,50,6.8,80,Wheat
30,45,30,15,50,6.8,80,Wheat
30,45,30,15,50,6.8,80,Wheat
30,45,30,15,50,6.8,80,Wheat
30,45,30,15,50,6.8,80,Wheat
30,45,30,15,50,6.8,80,Wheat
30,45,30,15,50,6.8,80,Wheat
30,45,30,15,50,6.8,80,Wheat
30,45,30,15,50,6.8,80,Wheat
30,45,30,15,50,6.8,80,Wheat
30,45,30,15,50,6.8,80,Wheat
30,45,30,15,50,6.8,80,Wheat
30,45,30,15,50,6.8,80,Wheat
30,45,30,15,50,6.8,80,Wheat
30,45,30,15,50,6.8,80,Wheat
30,45,30,15,50,6.8,80,Wheat
30,45,30,15,50,6.8,80,Wheat
30,45,30,15,50,6.8,80,Wheat
30,45,30,15,50,6.8,80,Wheat
30,45,30,15,50,6.8,80,Wheat
30,45,30,15,50,6.8,80,Wheat
30,45,30,15,50,6.8,80,Wheat
30,45,30,15,50,6.8,80,Wheat
30,45,30,15,50,6.8,80,Wheat
30,45,30,15,50,6.8,80,Wheat
30,45,30,15,50,6.8,80,Wheat
30,45,30,15,50,6.8,80,Wheat
30,45,30,15,50,6.8,80,Wheat
30,45,30,15,50,6.8,80,Wheat
30,45,30,15,50,6.8,80,Wheat
30,45,30,15,50,6.8,80,Wheat
30,45,30,15,50,6.8,80,Wheat
30,45,30,15,50,6.8,80,Wheat
30,45,30,15,50,6.8,80,Wheat
30,45,30,15,50,6.8,80,Wheat
30,45,30,15,50,6.8,80,Wheat
30,45,30,15,50,6.8,80,Wheat
30,45,30,15,50,6.8,80,Wheat
30,45,30,15,50,6.8,80,Wheat
30,45,30,15,50,6.8,80,Wheat
30,45,30,15,50,6.8,80,Wheat
30,45,30,15,50,6.8,80,Wheat
30,45,30,15,50,6.8,80,Wheat
30,45,30,15,50,6.8,80,Wheat
30,45,30,15,50,6.8,80,Wheat
30,45,30,15,50,6.8,80,Wheat
30,45,30,15,50,6.8,80,Wheat
30,45,30,15,50,6.8,80,Wheat
30,45,30,15,50,6.8,80,Wheat
30,45,30,15,50,6.8,80,Wheat
30,45,30,15,50,6.8,80,Wheat
30,45,30,15,50,6.8,80,Wheat
30,45,30,15,50,6.8,80,Wheat
30,45,30,15,50,6.8,80,Wheat
30,45,30,15,50,6.8,80,Wheat
30,45,30,15,50,6.8,80,Wheat
30,45,30,15,50,6.8,80,Wheat
30,45,30,15,50,6.8,80,Wheat
30,45,30,15,50,6.8,80,Wheat
30,45,30,15,50,6.8,80,Wheat
30,45,30,15,50,6.8,80,Wheat
30,45,30,15,50,6.8,80,Wheat
30,45,30,15,50,6.8,80,Wheat
30,45,30,15,50,6.8,80,Wheat
30,45,30,15,50,6.8,80,Wheat
30,45,30,15,50,6.8,80,Wheat
30,45,30,15,50,6.8,80,Wheat
30,45,30,15,50,6.8,80,Wheat
30,45,30,15,50,6.8,80,Wheat
30,45,30,15,50,6.8,80,Wheat
30,45,30,15,50,6.8,80,Wheat
30,45,30,15,50,6.8,80,Wheat
30,45,30,15,50,6.8,80,Wheat
30,45,30,15,50,6.8,80,Wheat
30,45,30,15,50,6.8,80,Wheat
30,45,30,15,50,6.8,80,Wheat
30,45,30,15,50,6.8,80,Wheat
30,45,30,15,50,6.8,80,Wheat
30,45,30,15,50,6.8,80,Wheat
30,45,30,15,50,6.8,80,Wheat
30,45,30,15,50,6.8,80,Wheat
30,45,30,15,50,6.8,80,Wheat
30,45,30,15,50,6.8,80,Wheat
30,45,30,15,50,6.8,80,Wheat
30,45,30,15,50,6.8,80,Wheat
30,45,30,15,50,6.8,80,Wheat
30,45,30,15,50,6.8,80,Wheat
30,45,30,15,50,6.8,80,Wheat
30,45,30,15,50,6.8,80,Wheat
30,45,30,15,50,6.8,80,Wheat
30,45,30,15,50,6.8,80,Wheat
30,45,30,15,50,6.8,80,Wheat
30,45,30,15,50,6.8,80,Wheat
30,45,30,15,50,6.8,80,Wheat
30,45,30,15,50,6.8,80,Wheat
30,45,30,15,50,6.8,80,Wheat
30,45,30,15,50,6.8,80,Wheat
30,45,30,15,50,6.8,80,Wheat
30,45,30,15,50,6.8,80,Wheat
30,45,30,15,50,6.8,80,Wheat
30,45,30,15,50,6.8,80,Wheat
30,45,30,15,50,6.8,80,Wheat
30,45,30,15,50,6.8,80,Wheat
30,45,30,15,50,6.8,80,Wheat
30,45,30,15,50,6.8,80,Wheat
30,45,30,15,50,6.8,80,Wheat
30,45,30,15,50,6.8,80,Wheat
30,45,30,15,50,6.8,80,Wheat
30,45,30,15,50,6.8,80,Wheat
30,45,30,15,50,6.8,80,Wheat
30,45,30,15,50,6.8,80,Wheat
30,45,30,15,50,6.8,80,Wheat
30,45,30,15,50,6.8,80,Wheat
30,45,30,15,50,6.8,80,Wheat
30,45,30,15,50,6.8,80,Wheat
30,45,30,15,50,6.8,80,Wheat
30,45,30,15,50,6.8,80,Wheat
30,45,30,15,50,6.8,80,Wheat
30,45,30,15,50,6.8,80,Wheat
30,45,30,15,50,6.8,80,Wheat
30,45,30,15,50,6.8,80,Wheat
30,45,30,15,50,6.8,80,Wheat
30,45,30,15,50,6.8,80,Wheat
30,45,30,15,50,6.8,80,Wheat
30,45,30,15,50,6.8,80,Wheat
30,45,30,15,50,6.8,80,Wheat
30,45,30,15,50,6.8,80,Wheat
30,45,30,15,50,6.8,80,Wheat
30,45,30,15,50,6.8,80,Wheat
30,45,30,15,50,6.8,80,Wheat
30,45,30,15,50,6.8,80,Wheat
30,45,30,15,50,6.8,80,Wheat
30,45,30,15,50,6.8,80,Wheat
30,45,30,15,50,6.8,80,Wheat
30,45,30,15,50,6.8,80,Wheat
30,45,30,15,50,6.8,80,Wheat
30,45,30,15,50,6.8,80,Wheat
30,45,30,15,50,6.8,80,Wheat
30,45,30,15,50,6.8,80,Wheat
30,45,30,15,50,6.8,80,Wheat
30,45,30,15,50,6.8,80,Wheat
30,45,30,15,50,6.8,80,Wheat
30,45,30,15,50,6.8,80,Wheat
30,45,30,15,50,6.8,80,Wheat
30,45,30,15,50,6.8,80,Wheat
30,45,30,15,50,6.8,80,Wheat
30,45,30,15,50,6.8,80,Wheat
30,45,30,15,50,6.8,80,Wheat
30,45,30,15,50,6.8,80,Wheat
30,45,30,15,50,6.8,80,Wheat
30,45,30,15,50,6.8,80,Wheat
100,55,55,28,75,7.0,200,Sugarcane
100,55,55,28,75,7.0,200,Sugarcane
100,55,55,28,75,7.0,200,Sugarcane
100,55,55,28,75,7.0,200,Sugarcane
100,55,55,28,75,7.0,200,Sugarcane
100,55,55,28,75,7.0,200,Sugarcane
100,55,55,28,75,7.0,200,Sugarcane
100,55,55,28,75,7.0,200,Sugarcane
100,55,55,28,75,7.0,200,Sugarcane
100,55,55,28,75,7.0,200,Sugarcane
100,55,55,28,75,7.0,200,Sugarcane
100,55,55,28,75,7.0,200,Sugarcane
100,55,55,28,75,7.0,200,Sugarcane
100,55,55,28,75,7.0,200,Sugarcane
100,55,55,28,75,7.0,200,Sugarcane
100,55,55,28,75,7.0,200,Sugarcane
100,55,55,28,75,7.0,200,Sugarcane
100,55,55,28,75,7.0,200,Sugarcane
100,55,55,28,75,7.0,200,Sugarcane
100,55,55,28,75,7.0,200,Sugarcane
100,55,55,28,75,7.0,200,Sugarcane
100,55,55,28,75,7.0,200,Sugarcane
100,55,55,28,75,7.0,200,Sugarcane
100,55,55,28,75,7.0,200,Sugarcane
100,55,55,28,75,7.0,200,Sugarcane
100,55,55,28,75,7.0,200,Sugarcane
100,55,55,28,75,7.0,200,Sugarcane
100,55,55,28,75,7.0,200,Sugarcane
100,55,55,28,75,7.0,200,Sugarcane
100,55,55,28,75,7.0,200,Sugarcane
100,55,55,28,75,7.0,200,Sugarcane
100,55,55,28,75,7.0,200,Sugarcane
100,55,55,28,75,7.0,200,Sugarcane
100,55,55,28,75,7.0,200,Sugarcane
100,55,55,28,75,7.0,200,Sugarcane
100,55,55,28,75,7.0,200,Sugarcane
100,55,55,28,75,7.0,200,Sugarcane
100,55,55,28,75,7.0,200,Sugarcane
100,55,55,28,75,7.0,200,Sugarcane
100,55,55,28,75,7.0,200,Sugarcane
100,55,55,28,75,7.0,200,Sugarcane
100,55,55,28,75,7.0,200,Sugarcane
100,55,55,28,75,7.0,200,Sugarcane
100,55,55,28,75,7.0,200,Sugarcane
100,55,55,28,75,7.0,200,Sugarcane
100,55,55,28,75,7.0,200,Sugarcane
100,55,55,28,75,7.0,200,Sugarcane
100,55,55,28,75,7.0,200,Sugarcane
100,55,55,28,75,7.0,200,Sugarcane
100,55,55,28,75,7.0,200,Sugarcane
100,55,55,28,75,7.0,200,Sugarcane
100,55,55,28,75,7.0,200,Sugarcane
100,55,55,28,75,7.0,200,Sugarcane
100,55,55,28,75,7.0,200,Sugarcane
100,55,55,28,75,7.0,200,Sugarcane
100,55,55,28,75,7.0,200,Sugarcane
100,55,55,28,75,7.0,200,Sugarcane
100,55,55,28,75,7.0,200,Sugarcane
100,55,55,28,75,7.0,200,Sugarcane
100,55,55,28,75,7.0,200,Sugarcane
100,55,55,28,75,7.0,200,Sugarcane
100,55,55,28,75,7.0,200,Sugarcane
100,55,55,28,75,7.0,200,Sugarcane
100,55,55,28,75,7.0,200,Sugarcane
100,55,55,28,75,7.0,200,Sugarcane
100,55,55,28,75,7.0,200,Sugarcane
100,55,55,28,75,7.0,200,Sugarcane
100,55,55,28,75,7.0,200,Sugarcane
100,55,55,28,75,7.0,200,Sugarcane
100,55,55,28,75,7.0,200,Sugarcane
100,55,55,28,75,7.0,200,Sugarcane
100,55,55,28,75,7.0,200,Sugarcane
100,55,55,28,75,7.0,200,Sugarcane
100,55,55,28,75,7.0,200,Sugarcane
100,55,55,28,75,7.0,200,Sugarcane
100,55,55,28,75,7.0,200,Sugarcane
100,55,55,28,75,7.0,200,Sugarcane
100,55,55,28,75,7.0,200,Sugarcane
100,55,55,28,75,7.0,200,Sugarcane
100,55,55,28,75,7.0,200,Sugarcane
100,55,55,28,75,7.0,200,Sugarcane
100,55,55,28,75,7.0,200,Sugarcane
100,55,55,28,75,7.0,200,Sugarcane
100,55,55,28,75,7.0,200,Sugarcane
100,55,55,28,75,7.0,200,Sugarcane
100,55,55,28,75,7.0,200,Sugarcane
100,55,55,28,75,7.0,200,Sugarcane
100,55,55,28,75,7.0,200,Sugarcane
100,55,55,28,75,7.0,200,Sugarcane
100,55,55,28,75,7.0,200,Sugarcane
100,55,55,28,75,7.0,200,Sugarcane
100,55,55,28,75,7.0,200,Sugarcane
100,55,55,28,75,7.0,200,Sugarcane
100,55,55,28,75,7.0,200,Sugarcane
100,55,55,28,75,7.0,200,Sugarcane
100,55,55,28,75,7.0,200,Sugarcane
100,55,55,28,75,7.0,200,Sugarcane
100,55,55,28,75,7.0,200,Sugarcane
100,55,55,28,75,7.0,200,Sugarcane
100,55,55,28,75,7.0,200,Sugarcane
100,55,55,28,75,7.0,200,Sugarcane
100,55,55,28,75,7.0,200,Sugarcane
100,55,55,28,75,7.0,200,Sugarcane
100,55,55,28,75,7.0,200,Sugarcane
100,55,55,28,75,7.0,200,Sugarcane
100,55,55,28,75,7.0,200,Sugarcane
100,55,55,28,75,7.0,200,Sugarcane
100,55,55,28,75,7.0,200,Sugarcane
100,55,55,28,75,7.0,200,Sugarcane
100,55,55,28,75,7.0,200,Sugarcane
100,55,55,28,75,7.0,200,Sugarcane
100,55,55,28,75,7.0,200,Sugarcane
100,55,55,28,75,7.0,200,Sugarcane
100,55,55,28,75,7.0,200,Sugarcane
100,55,55,28,75,7.0,200,Sugarcane
100,55,55,28,75,7.0,200,Sugarcane
100,55,55,28,75,7.0,200,Sugarcane
100,55,55,28,75,7.0,200,Sugarcane
100,55,55,28,75,7.0,200,Sugarcane
100,55,55,28,75,7.0,200,Sugarcane
100,55,55,28,75,7.0,200,Sugarcane
100,55,55,28,75,7.0,200,Sugarcane
100,55,55,28,75,7.0,200,Sugarcane
100,55,55,28,75,7.0,200,Sugarcane
100,55,55,28,75,7.0,200,Sugarcane
100,55,55,28,75,7.0,200,Sugarcane
100,55,55,28,75,7.0,200,Sugarcane
100,55,55,28,75,7.0,200,Sugarcane
100,55,55,28,75,7.0,200,Sugarcane
100,55,55,28,75,7.0,200,Sugarcane
100,55,55,28,75,7.0,200,Sugarcane
100,55,55,28,75,7.0,200,Sugarcane
100,55,55,28,75,7.0,200,Sugarcane
100,55,55,28,75,7.0,200,Sugarcane
100,55,55,28,75,7.0,200,Sugarcane
100,55,55,28,75,7.0,200,Sugarcane
100,55,55,28,75,7.0,200,Sugarcane
100,55,55,28,75,7.0,200,Sugarcane
100,55,55,28,75,7.0,200,Sugarcane
100,55,55,28,75,7.0,200,Sugarcane
100,55,55,28,75,7.0,200,Sugarcane
100,55,55,28,75,7.0,200,Sugarcane
100,55,55,28,75,7.0,200,Sugarcane
100,55,55,28,75,7.0,200,Sugarcane
100,55,55,28,75,7.0,200,Sugarcane
100,55,55,28,75,7.0,200,Sugarcane
100,55,55,28,75,7.0,200,Sugarcane
100,55,55,28,75,7.0,200,Sugarcane
100,55,55,28,75,7.0,200,Sugarcane
100,55,55,28,75,7.0,200,Sugarcane
100,55,55,28,75,7.0,200,Sugarcane
100,55,55,28,75,7.0,200,Sugarcane
100,55,55,28,75,7.0,200,Sugarcane
100,55,55,28,75,7.0,200,Sugarcane
100,55,55,28,75,7.0,200,Sugarcane
100,55,55,28,75,7.0,200,Sugarcane
100,55,55,28,75,7.0,200,Sugarcane
100,55,55,28,75,7.0,200,Sugarcane
100,55,55,28,75,7.0,200,Sugarcane
100,55,55,28,75,7.0,200,Sugarcane
100,55,55,28,75,7.0,200,Sugarcane
100,55,55,28,75,7.0,200,Sugarcane
100,55,55,28,75,7.0,200,Sugarcane
100,55,55,28,75,7.0,200,Sugarcane
100,55,55,28,75,7.0,200,Sugarcane
100,55,55,28,75,7.0,200,Sugarcane
100,55,55,28,75,7.0,200,Sugarcane
100,55,55,28,75,7.0,200,Sugarcane
100,55,55,28,75,7.0,200,Sugarcane
100,55,55,28,75,7.0,200,Sugarcane
100,55,55,28,75,7.0,200,Sugarcane
100,55,55,28,75,7.0,200,Sugarcane
100,55,55,28,75,7.0,200,Sugarcane
100,55,55,28,75,7.0,200,Sugarcane
100,55,55,28,75,7.0,200,Sugarcane
100,55,55,28,75,7.0,200,Sugarcane
100,55,55,28,75,7.0,200,Sugarcane
100,55,55,28,75,7.0,200,Sugarcane
100,55,55,28,75,7.0,200,Sugarcane
100,55,55,28,75,7.0,200,Sugarcane
100,55,55,28,75,7.0,200,Sugarcane
100,55,55,28,75,7.0,200,Sugarcane
100,55,55,28,75,7.0,200,Sugarcane
100,55,55,28,75,7.0,200,Sugarcane
100,55,55,28,75,7.0,200,Sugarcane
100,55,55,28,75,7.0,200,Sugarcane
100,55,55,28,75,7.0,200,Sugarcane
100,55,55,28,75,7.0,200,Sugarcane
100,55,55,28,75,7.0,200,Sugarcane
100,55,55,28,75,7.0,200,Sugarcane
100,55,55,28,75,7.0,200,Sugarcane
100,55,55,28,75,7.0,200,Sugarcane
100,55,55,28,75,7.0,200,Sugarcane
100,55,55,28,75,7.0,200,Sugarcane
100,55,55,28,75,7.0,200,Sugarcane
100,55,55,28,75,7.0,200,Sugarcane
100,55,55,28,75,7.0,200,Sugarcane
100,55,55,28,75,7.0,200,Sugarcane
100,55,55,28,75,7.0,200,Sugarcane
100,55,55,28,75,7.0,200,Sugarcane
40,50,40,25,60,6.5,110,Tomato
40,50,40,25,60,6.5,110,Tomato
40,50,40,25,60,6.5,110,Tomato
40,50,40,25,60,6.5,110,Tomato
40,50,40,25,60,6.5,110,Tomato
40,50,40,25,60,6.5,110,Tomato
40,50,40,25,60,6.5,110,Tomato
40,50,40,25,60,6.5,110,Tomato
40,50,40,25,60,6.5,110,Tomato
40,50,40,25,60,6.5,110,Tomato
40,50,40,25,60,6.5,110,Tomato
40,50,40,25,60,6.5,110,Tomato
40,50,40,25,60,6.5,110,Tomato
40,50,40,25,60,6.5,110,Tomato
40,50,40,25,60,6.5,110,Tomato
40,50,40,25,60,6.5,110,Tomato
40,50,40,25,60,6.5,110,Tomato
40,50,40,25,60,6.5,110,Tomato
40,50,40,25,60,6.5,110,Tomato
40,50,40,25,60,6.5,110,Tomato
40,50,40,25,60,6.5,110,Tomato
40,50,40,25,60,6.5,110,Tomato
40,50,40,25,60,6.5,110,Tomato
40,50,40,25,60,6.5,110,Tomato
40,50,40,25,60,6.5,110,Tomato
40,50,40,25,60,6.5,110,Tomato
40,50,40,25,60,6.5,110,Tomato
40,50,40,25,60,6.5,110,Tomato
40,50,40,25,60,6.5,110,Tomato
40,50,40,25,60,6.5,110,Tomato
40,50,40,25,60,6.5,110,Tomato
40,50,40,25,60,6.5,110,Tomato
40,50,40,25,60,6.5,110,Tomato
40,50,40,25,60,6.5,110,Tomato
40,50,40,25,60,6.5,110,Tomato
40,50,40,25,60,6.5,110,Tomato
40,50,40,25,60,6.5,110,Tomato
40,50,40,25,60,6.5,110,Tomato
40,50,40,25,60,6.5,110,Tomato
40,50,40,25,60,6.5,110,Tomato
40,50,40,25,60,6.5,110,Tomato
40,50,40,25,60,6.5,110,Tomato
40,50,40,25,60,6.5,110,Tomato
40,50,40,25,60,6.5,110,Tomato
40,50,40,25,60,6.5,110,Tomato
40,50,40,25,60,6.5,110,Tomato
40,50,40,25,60,6.5,110,Tomato
40,50,40,25,60,6.5,110,Tomato
40,50,40,25,60,6.5,110,Tomato
40,50,40,25,60,6.5,110,Tomato
40,50,40,25,60,6.5,110,Tomato
40,50,40,25,60,6.5,110,Tomato
40,50,40,25,60,6.5,110,Tomato
40,50,40,25,60,6.5,110,Tomato
40,50,40,25,60,6.5,110,Tomato
40,50,40,25,60,6.5,110,Tomato
40,50,40,25,60,6.5,110,Tomato
40,50,40,25,60,6.5,110,Tomato
40,50,40,25,60,6.5,110,Tomato
40,50,40,25,60,6.5,110,Tomato
40,50,40,25,60,6.5,110,Tomato
40,50,40,25,60,6.5,110,Tomato
40,50,40,25,60,6.5,110,Tomato
40,50,40,25,60,6.5,110,Tomato
40,50,40,25,60,6.5,110,Tomato
40,50,40,25,60,6.5,110,Tomato
40,50,40,25,60,6.5,110,Tomato
40,50,40,25,60,6.5,110,Tomato
40,50,40,25,60,6.5,110,Tomato
40,50,40,25,60,6.5,110,Tomato
40,50,40,25,60,6.5,110,Tomato
40,50,40,25,60,6.5,110,Tomato
40,50,40,25,60,6.5,110,Tomato
40,50,40,25,60,6.5,110,Tomato
40,50,40,25,60,6.5,110,Tomato
40,50,40,25,60,6.5,110,Tomato
40,50,40,25,60,6.5,110,Tomato
40,50,40,25,60,6.5,110,Tomato
40,50,40,25,60,6.5,110,Tomato
40,50,40,25,60,6.5,110,Tomato
40,50,40,25,60,6.5,110,Tomato
40,50,40,25,60,6.5,110,Tomato
40,50,40,25,60,6.5,110,Tomato
40,50,40,25,60,6.5,110,Tomato
40,50,40,25,60,6.5,110,Tomato
40,50,40,25,60,6.5,110,Tomato
40,50,40,25,60,6.5,110,Tomato
40,50,40,25,60,6.5,110,Tomato
40,50,40,25,60,6.5,110,Tomato
40,50,40,25,60,6.5,110,Tomato
40,50,40,25,60,6.5,110,Tomato
40,50,40,25,60,6.5,110,Tomato
40,50,40,25,60,6.5,110,Tomato
40,50,40,25,60,6.5,110,Tomato
40,50,40,25,60,6.5,110,Tomato
40,50,40,25,60,6.5,110,Tomato
40,50,40,25,60,6.5,110,Tomato
40,50,40,25,60,6.5,110,Tomato
40,50,40,25,60,6.5,110,Tomato
40,50,40,25,60,6.5,110,Tomato
40,50,40,25,60,6.5,110,Tomato
40,50,40,25,60,6.5,110,Tomato
40,50,40,25,60,6.5,110,Tomato
40,50,40,25,60,6.5,110,Tomato
40,50,40,25,60,6.5,110,Tomato
40,50,40,25,60,6.5,110,Tomato
40,50,40,25,60,6.5,110,Tomato
40,50,40,25,60,6.5,110,Tomato
40,50,40,25,60,6.5,110,Tomato
40,50,40,25,60,6.5,110,Tomato
40,50,40,25,60,6.5,110,Tomato
40,50,40,25,60,6.5,110,Tomato
40,50,40,25,60,6.5,110,Tomato
40,50,40,25,60,6.5,110,Tomato
40,50,40,25,60,6.5,110,Tomato
40,50,40,25,60,6.5,110,Tomato
40,50,40,25,60,6.5,110,Tomato
40,50,40,25,60,6.5,110,Tomato
40,50,40,25,60,6.5,110,Tomato
40,50,40,25,60,6.5,110,Tomato
40,50,40,25,60,6.5,110,Tomato
40,50,40,25,60,6.5,110,Tomato
40,50,40,25,60,6.5,110,Tomato
40,50,40,25,60,6.5,110,Tomato
40,50,40,25,60,6.5,110,Tomato
40,50,40,25,60,6.5,110,Tomato
40,50,40,25,60,6.5,110,Tomato
40,50,40,25,60,6.5,110,Tomato
40,50,40,25,60,6.5,110,Tomato
40,50,40,25,60,6.5,110,Tomato
40,50,40,25,60,6.5,110,Tomato
40,50,40,25,60,6.5,110,Tomato
40,50,40,25,60,6.5,110,Tomato
40,50,40,25,60,6.5,110,Tomato
40,50,40,25,60,6.5,110,Tomato
40,50,40,25,60,6.5,110,Tomato
40,50,40,25,60,6.5,110,Tomato
40,50,40,25,60,6.5,110,Tomato
40,50,40,25,60,6.5,110,Tomato
40,50,40,25,60,6.5,110,Tomato
40,50,40,25,60,6.5,110,Tomato
40,50,40,25,60,6.5,110,Tomato
40,50,40,25,60,6.5,110,Tomato
40,50,40,25,60,6.5,110,Tomato
40,50,40,25,60,6.5,110,Tomato
40,50,40,25,60,6.5,110,Tomato
40,50,40,25,60,6.5,110,Tomato
40,50,40,25,60,6.5,110,Tomato
40,50,40,25,60,6.5,110,Tomato
40,50,40,25,60,6.5,110,Tomato
40,50,40,25,60,6.5,110,Tomato
40,50,40,25,60,6.5,110,Tomato
40,50,40,25,60,6.5,110,Tomato
40,50,40,25,60,6.5,110,Tomato
40,50,40,25,60,6.5,110,Tomato
40,50,40,25,60,6.5,110,Tomato
40,50,40,25,60,6.5,110,Tomato
40,50,40,25,60,6.5,110,Tomato
40,50,40,25,60,6.5,110,Tomato
40,50,40,25,60,6.5,110,Tomato
40,50,40,25,60,6.5,110,Tomato
40,50,40,25,60,6.5,110,Tomato
40,50,40,25,60,6.5,110,Tomato
40,50,40,25,60,6.5,110,Tomato
40,50,40,25,60,6.5,110,Tomato
40,50,40,25,60,6.5,110,Tomato
40,50,40,25,60,6.5,110,Tomato
40,50,40,25,60,6.5,110,Tomato
40,50,40,25,60,6.5,110,Tomato
40,50,40,25,60,6.5,110,Tomato
40,50,40,25,60,6.5,110,Tomato
40,50,40,25,60,6.5,110,Tomato
40,50,40,25,60,6.5,110,Tomato
40,50,40,25,60,6.5,110,Tomato
40,50,40,25,60,6.5,110,Tomato
40,50,40,25,60,6.5,110,Tomato
40,50,40,25,60,6.5,110,Tomato
40,50,40,25,60,6.5,110,Tomato
40,50,40,25,60,6.5,110,Tomato
40,50,40,25,60,6.5,110,Tomato
40,50,40,25,60,6.5,110,Tomato
40,50,40,25,60,6.5,110,Tomato
40,50,40,25,60,6.5,110,Tomato
40,50,40,25,60,6.5,110,Tomato
40,50,40,25,60,6.5,110,Tomato
40,50,40,25,60,6.5,110,Tomato
40,50,40,25,60,6.5,110,Tomato
40,50,40,25,60,6.5,110,Tomato
40,50,40,25,60,6.5,110,Tomato
40,50,40,25,60,6.5,110,Tomato
40,50,40,25,60,6.5,110,Tomato
40,50,40,25,60,6.5,110,Tomato
40,50,40,25,60,6.5,110,Tomato
40,50,40,25,60,6.5,110,Tomato
40,50,40,25,60,6.5,110,Tomato
40,50,40,25,60,6.5,110,Tomato
40,50,40,25,60,6.5,110,Tomato
40,50,40,25,60,6.5,110,Tomato
40,50,40,25,60,6.5,110,Tomato
40,50,40,25,60,6.5,110,Tomato
35,40,35,20,55,6.8,90,Onion
35,40,35,20,55,6.8,90,Onion
35,40,35,20,55,6.8,90,Onion
35,40,35,20,55,6.8,90,Onion
35,40,35,20,55,6.8,90,Onion
35,40,35,20,55,6.8,90,Onion
35,40,35,20,55,6.8,90,Onion
35,40,35,20,55,6.8,90,Onion
35,40,35,20,55,6.8,90,Onion
35,40,35,20,55,6.8,90,Onion
35,40,35,20,55,6.8,90,Onion
35,40,35,20,55,6.8,90,Onion
35,40,35,20,55,6.8,90,Onion
35,40,35,20,55,6.8,90,Onion
35,40,35,20,55,6.8,90,Onion
35,40,35,20,55,6.8,90,Onion
35,40,35,20,55,6.8,90,Onion
35,40,35,20,55,6.8,90,Onion
35,40,35,20,55,6.8,90,Onion
35,40,35,20,55,6.8,90,Onion
35,40,35,20,55,6.8,90,Onion
35,40,35,20,55,6.8,90,Onion
35,40,35,20,55,6.8,90,Onion
35,40,35,20,55,6.8,90,Onion
35,40,35,20,55,6.8,90,Onion
35,40,35,20,55,6.8,90,Onion
35,40,35,20,55,6.8,90,Onion
35,40,35,20,55,6.8,90,Onion
35,40,35,20,55,6.8,90,Onion
35,40,35,20,55,6.8,90,Onion
35,40,35,20,55,6.8,90,Onion
35,40,35,20,55,6.8,90,Onion
35,40,35,20,55,6.8,90,Onion
35,40,35,20,55,6.8,90,Onion
35,40,35,20,55,6.8,90,Onion
35,40,35,20,55,6.8,90,Onion
35,40,35,20,55,6.8,90,Onion
35,40,35,20,55,6.8,90,Onion
35,40,35,20,55,6.8,90,Onion
35,40,35,20,55,6.8,90,Onion
35,40,35,20,55,6.8,90,Onion
35,40,35,20,55,6.8,90,Onion
35,40,35,20,55,6.8,90,Onion
35,40,35,20,55,6.8,90,Onion
35,40,35,20,55,6.8,90,Onion
35,40,35,20,55,6.8,90,Onion
35,40,35,20,55,6.8,90,Onion
35,40,35,20,55,6.8,90,Onion
35,40,35,20,55,6.8,90,Onion
35,40,35,20,55,6.8,90,Onion
35,40,35,20,55,6.8,90,Onion
35,40,35,20,55,6.8,90,Onion
35,40,35,20,55,6.8,90,Onion
35,40,35,20,55,6.8,90,Onion
35,40,35,20,55,6.8,90,Onion
35,40,35,20,55,6.8,90,Onion
35,40,35,20,55,6.8,90,Onion
35,40,35,20,55,6.8,90,Onion
35,40,35,20,55,6.8,90,Onion
35,40,35,20,55,6.8,90,Onion
35,40,35,20,55,6.8,90,Onion
35,40,35,20,55,6.8,90,Onion
35,40,35,20,55,6.8,90,Onion
35,40,35,20,55,6.8,90,Onion
35,40,35,20,55,6.8,90,Onion
35,40,35,20,55,6.8,90,Onion
35,40,35,20,55,6.8,90,Onion
35,40,35,20,55,6.8,90,Onion
35,40,35,20,55,6.8,90,Onion
35,40,35,20,55,6.8,90,Onion
35,40,35,20,55,6.8,90,Onion
35,40,35,20,55,6.8,90,Onion
35,40,35,20,55,6.8,90,Onion
35,40,35,20,55,6.8,90,Onion
35,40,35,20,55,6.8,90,Onion
35,40,35,20,55,6.8,90,Onion
35,40,35,20,55,6.8,90,Onion
35,40,35,20,55,6.8,90,Onion
35,40,35,20,55,6.8,90,Onion
35,40,35,20,55,6.8,90,Onion
35,40,35,20,55,6.8,90,Onion
35,40,35,20,55,6.8,90,Onion
35,40,35,20,55,6.8,90,Onion
35,40,35,20,55,6.8,90,Onion
35,40,35,20,55,6.8,90,Onion
35,40,35,20,55,6.8,90,Onion
35,40,35,20,55,6.8,90,Onion
35,40,35,20,55,6.8,90,Onion
35,40,35,20,55,6.8,90,Onion
35,40,35,20,55,6.8,90,Onion
35,40,35,20,55,6.8,90,Onion
35,40,35,20,55,6.8,90,Onion
35,40,35,20,55,6.8,90,Onion
35,40,35,20,55,6.8,90,Onion
35,40,35,20,55,6.8,90,Onion
35,40,35,20,55,6.8,90,Onion
35,40,35,20,55,6.8,90,Onion
35,40,35,20,55,6.8,90,Onion
35,40,35,20,55,6.8,90,Onion
35,40,35,20,55,6.8,90,Onion
35,40,35,20,55,6.8,90,Onion
35,40,35,20,55,6.8,90,Onion
35,40,35,20,55,6.8,90,Onion
35,40,35,20,55,6.8,90,Onion
35,40,35,20,55,6.8,90,Onion
35,40,35,20,55,6.8,90,Onion
35,40,35,20,55,6.8,90,Onion
35,40,35,20,55,6.8,90,Onion
35,40,35,20,55,6.8,90,Onion
35,40,35,20,55,6.8,90,Onion
35,40,35,20,55,6.8,90,Onion
35,40,35,20,55,6.8,90,Onion
35,40,35,20,55,6.8,90,Onion
35,40,35,20,55,6.8,90,Onion
35,40,35,20,55,6.8,90,Onion
35,40,35,20,55,6.8,90,Onion
35,40,35,20,55,6.8,90,Onion
35,40,35,20,55,6.8,90,Onion
35,40,35,20,55,6.8,90,Onion
35,40,35,20,55,6.8,90,Onion
35,40,35,20,55,6.8,90,Onion
35,40,35,20,55,6.8,90,Onion
35,40,35,20,55,6.8,90,Onion
35,40,35,20,55,6.8,90,Onion
35,40,35,20,55,6.8,90,Onion
35,40,35,20,55,6.8,90,Onion
35,40,35,20,55,6.8,90,Onion
35,40,35,20,55,6.8,90,Onion
35,40,35,20,55,6.8,90,Onion
35,40,35,20,55,6.8,90,Onion
35,40,35,20,55,6.8,90,Onion
35,40,35,20,55,6.8,90,Onion
35,40,35,20,55,6.8,90,Onion
35,40,35,20,55,6.8,90,Onion
35,40,35,20,55,6.8,90,Onion
35,40,35,20,55,6.8,90,Onion
35,40,35,20,55,6.8,90,Onion
35,40,35,20,55,6.8,90,Onion
35,40,35,20,55,6.8,90,Onion
35,40,35,20,55,6.8,90,Onion
35,40,35,20,55,6.8,90,Onion
35,40,35,20,55,6.8,90,Onion
35,40,35,20,55,6.8,90,Onion
35,40,35,20,55,6.8,90,Onion
35,40,35,20,55,6.8,90,Onion
35,40,35,20,55,6.8,90,Onion
35,40,35,20,55,6.8,90,Onion
35,40,35,20,55,6.8,90,Onion
35,40,35,20,55,6.8,90,Onion
35,40,35,20,55,6.8,90,Onion
35,40,35,20,55,6.8,90,Onion
35,40,35,20,55,6.8,90,Onion
35,40,35,20,55,6.8,90,Onion
35,40,35,20,55,6.8,90,Onion
35,40,35,20,55,6.8,90,Onion
35,40,35,20,55,6.8,90,Onion
35,40,35,20,55,6.8,90,Onion
35,40,35,20,55,6.8,90,Onion
35,40,35,20,55,6.8,90,Onion
35,40,35,20,55,6.8,90,Onion
35,40,35,20,55,6.8,90,Onion
35,40,35,20,55,6.8,90,Onion
35,40,35,20,55,6.8,90,Onion
35,40,35,20,55,6.8,90,Onion
35,40,35,20,55,6.8,90,Onion
35,40,35,20,55,6.8,90,Onion
35,40,35,20,55,6.8,90,Onion
35,40,35,20,55,6.8,90,Onion
35,40,35,20,55,6.8,90,Onion
35,40,35,20,55,6.8,90,Onion
35,40,35,20,55,6.8,90,Onion
35,40,35,20,55,6.8,90,Onion
35,40,35,20,55,6.8,90,Onion
35,40,35,20,55,6.8,90,Onion
35,40,35,20,55,6.8,90,Onion
35,40,35,20,55,6.8,90,Onion
35,40,35,20,55,6.8,90,Onion
35,40,35,20,55,6.8,90,Onion
35,40,35,20,55,6.8,90,Onion
35,40,35,20,55,6.8,90,Onion
35,40,35,20,55,6.8,90,Onion
35,40,35,20,55,6.8,90,Onion
35,40,35,20,55,6.8,90,Onion
35,40,35,20,55,6.8,90,Onion
35,40,35,20,55,6.8,90,Onion
35,40,35,20,55,6.8,90,Onion
35,40,35,20,55,6.8,90,Onion
35,40,35,20,55,6.8,90,Onion
35,40,35,20,55,6.8,90,Onion
35,40,35,20,55,6.8,90,Onion
35,40,35,20,55,6.8,90,Onion
35,40,35,20,55,6.8,90,Onion
35,40,35,20,55,6.8,90,Onion
35,40,35,20,55,6.8,90,Onion
35,40,35,20,55,6.8,90,Onion
35,40,35,20,55,6.8,90,Onion
35,40,35,20,55,6.8,90,Onion
35,40,35,20,55,6.8,90,Onion
35,40,35,20,55,6.8,90,Onion
35,40,35,20,55,6.8,90,Onion
45,60,45,18,65,5.8,120,Potato
45,60,45,18,65,5.8,120,Potato
45,60,45,18,65,5.8,120,Potato
45,60,45,18,65,5.8,120,Potato
45,60,45,18,65,5.8,120,Potato
45,60,45,18,65,5.8,120,Potato
45,60,45,18,65,5.8,120,Potato
45,60,45,18,65,5.8,120,Potato
45,60,45,18,65,5.8,120,Potato
45,60,45,18,65,5.8,120,Potato
45,60,45,18,65,5.8,120,Potato
45,60,45,18,65,5.8,120,Potato
45,60,45,18,65,5.8,120,Potato
45,60,45,18,65,5.8,120,Potato
45,60,45,18,65,5.8,120,Potato
45,60,45,18,65,5.8,120,Potato
45,60,45,18,65,5.8,120,Potato
45,60,45,18,65,5.8,120,Potato
45,60,45,18,65,5.8,120,Potato
45,60,45,18,65,5.8,120,Potato
45,60,45,18,65,5.8,120,Potato
45,60,45,18,65,5.8,120,Potato
45,60,45,18,65,5.8,120,Potato
45,60,45,18,65,5.8,120,Potato
45,60,45,18,65,5.8,120,Potato
45,60,45,18,65,5.8,120,Potato
45,60,45,18,65,5.8,120,Potato
45,60,45,18,65,5.8,120,Potato
45,60,45,18,65,5.8,120,Potato
45,60,45,18,65,5.8,120,Potato
45,60,45,18,65,5.8,120,Potato
45,60,45,18,65,5.8,120,Potato
45,60,45,18,65,5.8,120,Potato
45,60,45,18,65,5.8,120,Potato
45,60,45,18,65,5.8,120,Potato
45,60,45,18,65,5.8,120,Potato
45,60,45,18,65,5.8,120,Potato
45,60,45,18,65,5.8,120,Potato
45,60,45,18,65,5.8,120,Potato
45,60,45,18,65,5.8,120,Potato
45,60,45,18,65,5.8,120,Potato
45,60,45,18,65,5.8,120,Potato
45,60,45,18,65,5.8,120,Potato
45,60,45,18,65,5.8,120,Potato
45,60,45,18,65,5.8,120,Potato
45,60,45,18,65,5.8,120,Potato
45,60,45,18,65,5.8,120,Potato
45,60,45,18,65,5.8,120,Potato
45,60,45,18,65,5.8,120,Potato
45,60,45,18,65,5.8,120,Potato
45,60,45,18,65,5.8,120,Potato
45,60,45,18,65,5.8,120,Potato
45,60,45,18,65,5.8,120,Potato
45,60,45,18,65,5.8,120,Potato
45,60,45,18,65,5.8,120,Potato
45,60,45,18,65,5.8,120,Potato
45,60,45,18,65,5.8,120,Potato
45,60,45,18,65,5.8,120,Potato
45,60,45,18,65,5.8,120,Potato
45,60,45,18,65,5.8,120,Potato
45,60,45,18,65,5.8,120,Potato
45,60,45,18,65,5.8,120,Potato
45,60,45,18,65,5.8,120,Potato
45,60,45,18,65,5.8,120,Potato
45,60,45,18,65,5.8,120,Potato
45,60,45,18,65,5.8,120,Potato
45,60,45,18,65,5.8,120,Potato
45,60,45,18,65,5.8,120,Potato
45,60,45,18,65,5.8,120,Potato
45,60,45,18,65,5.8,120,Potato
45,60,45,18,65,5.8,120,Potato
45,60,45,18,65,5.8,120,Potato
45,60,45,18,65,5.8,120,Potato
45,60,45,18,65,5.8,120,Potato
45,60,45,18,65,5.8,120,Potato
45,60,45,18,65,5.8,120,Potato
45,60,45,18,65,5.8,120,Potato
45,60,45,18,65,5.8,120,Potato
45,60,45,18,65,5.8,120,Potato
45,60,45,18,65,5.8,120,Potato
45,60,45,18,65,5.8,120,Potato
45,60,45,18,65,5.8,120,Potato
45,60,45,18,65,5.8,120,Potato
45,60,45,18,65,5.8,120,Potato
45,60,45,18,65,5.8,120,Potato
45,60,45,18,65,5.8,120,Potato
45,60,45,18,65,5.8,120,Potato
45,60,45,18,65,5.8,120,Potato
45,60,45,18,65,5.8,120,Potato
45,60,45,18,65,5.8,120,Potato
45,60,45,18,65,5.8,120,Potato
45,60,45,18,65,5.8,120,Potato
45,60,45,18,65,5.8,120,Potato
45,60,45,18,65,5.8,120,Potato
45,60,45,18,65,5.8,120,Potato
45,60,45,18,65,5.8,120,Potato
45,60,45,18,65,5.8,120,Potato
45,60,45,18,65,5.8,120,Potato
45,60,45,18,65,5.8,120,Potato
45,60,45,18,65,5.8,120,Potato
45,60,45,18,65,5.8,120,Potato
45,60,45,18,65,5.8,120,Potato
45,60,45,18,65,5.8,120,Potato
45,60,45,18,65,5.8,120,Potato
45,60,45,18,65,5.8,120,Potato
45,60,45,18,65,5.8,120,Potato
45,60,45,18,65,5.8,120,Potato
45,60,45,18,65,5.8,120,Potato
45,60,45,18,65,5.8,120,Potato
45,60,45,18,65,5.8,120,Potato
45,60,45,18,65,5.8,120,Potato
45,60,45,18,65,5.8,120,Potato
45,60,45,18,65,5.8,120,Potato
45,60,45,18,65,5.8,120,Potato
45,60,45,18,65,5.8,120,Potato
45,60,45,18,65,5.8,120,Potato
45,60,45,18,65,5.8,120,Potato
45,60,45,18,65,5.8,120,Potato
45,60,45,18,65,5.8,120,Potato
45,60,45,18,65,5.8,120,Potato
45,60,45,18,65,5.8,120,Potato
45,60,45,18,65,5.8,120,Potato
45,60,45,18,65,5.8,120,Potato
45,60,45,18,65,5.8,120,Potato
45,60,45,18,65,5.8,120,Potato
45,60,45,18,65,5.8,120,Potato
45,60,45,18,65,5.8,120,Potato
45,60,45,18,65,5.8,120,Potato
45,60,45,18,65,5.8,120,Potato
45,60,45,18,65,5.8,120,Potato
45,60,45,18,65,5.8,120,Potato
45,60,45,18,65,5.8,120,Potato
45,60,45,18,65,5.8,120,Potato
45,60,45,18,65,5.8,120,Potato
45,60,45,18,65,5.8,120,Potato
45,60,45,18,65,5.8,120,Potato
45,60,45,18,65,5.8,120,Potato
45,60,45,18,65,5.8,120,Potato
45,60,45,18,65,5.8,120,Potato
45,60,45,18,65,5.8,120,Potato
45,60,45,18,65,5.8,120,Potato
45,60,45,18,65,5.8,120,Potato
45,60,45,18,65,5.8,120,Potato
45,60,45,18,65,5.8,120,Potato
45,60,45,18,65,5.8,120,Potato
45,60,45,18,65,5.8,120,Potato
45,60,45,18,65,5.8,120,Potato
45,60,45,18,65,5.8,120,Potato
45,60,45,18,65,5.8,120,Potato
45,60,45,18,65,5.8,120,Potato
45,60,45,18,65,5.8,120,Potato
45,60,45,18,65,5.8,120,Potato
45,60,45,18,65,5.8,120,Potato
45,60,45,18,65,5.8,120,Potato
45,60,45,18,65,5.8,120,Potato
45,60,45,18,65,5.8,120,Potato
45,60,45,18,65,5.8,120,Potato
45,60,45,18,65,5.8,120,Potato
45,60,45,18,65,5.8,120,Potato
45,60,45,18,65,5.8,120,Potato
45,60,45,18,65,5.8,120,Potato
45,60,45,18,65,5.8,120,Potato
45,60,45,18,65,5.8,120,Potato
45,60,45,18,65,5.8,120,Potato
45,60,45,18,65,5.8,120,Potato
45,60,45,18,65,5.8,120,Potato
45,60,45,18,65,5.8,120,Potato
45,60,45,18,65,5.8,120,Potato
45,60,45,18,65,5.8,120,Potato
45,60,45,18,65,5.8,120,Potato
45,60,45,18,65,5.8,120,Potato
45,60,45,18,65,5.8,120,Potato
45,60,45,18,65,5.8,120,Potato
45,60,45,18,65,5.8,120,Potato
45,60,45,18,65,5.8,120,Potato
45,60,45,18,65,5.8,120,Potato
45,60,45,18,65,5.8,120,Potato
45,60,45,18,65,5.8,120,Potato
45,60,45,18,65,5.8,120,Potato
45,60,45,18,65,5.8,120,Potato
45,60,45,18,65,5.8,120,Potato
45,60,45,18,65,5.8,120,Potato
45,60,45,18,65,5.8,120,Potato
45,60,45,18,65,5.8,120,Potato
45,60,45,18,65,5.8,120,Potato
45,60,45,18,65,5.8,120,Potato
45,60,45,18,65,5.8,120,Potato
45,60,45,18,65,5.8,120,Potato
45,60,45,18,65,5.8,120,Potato
45,60,45,18,65,5.8,120,Potato
45,60,45,18,65,5.8,120,Potato
45,60,45,18,65,5.8,120,Potato
45,60,45,18,65,5.8,120,Potato
45,60,45,18,65,5.8,120,Potato
45,60,45,18,65,5.8,120,Potato
45,60,45,18,65,5.8,120,Potato
45,60,45,18,65,5.8,120,Potato
45,60,45,18,65,5.8,120,Potato
45,60,45,18,65,5.8,120,Potato
45,60,45,18,65,5.8,120,Potato
50,55,50,27,60,6.6,100,Brinjal
50,55,50,27,60,6.6,100,Brinjal
50,55,50,27,60,6.6,100,Brinjal
50,55,50,27,60,6.6,100,Brinjal
50,55,50,27,60,6.6,100,Brinjal
50,55,50,27,60,6.6,100,Brinjal
50,55,50,27,60,6.6,100,Brinjal
50,55,50,27,60,6.6,100,Brinjal
50,55,50,27,60,6.6,100,Brinjal
50,55,50,27,60,6.6,100,Brinjal
50,55,50,27,60,6.6,100,Brinjal
50,55,50,27,60,6.6,100,Brinjal
50,55,50,27,60,6.6,100,Brinjal
50,55,50,27,60,6.6,100,Brinjal
50,55,50,27,60,6.6,100,Brinjal
50,55,50,27,60,6.6,100,Brinjal
50,55,50,27,60,6.6,100,Brinjal
50,55,50,27,60,6.6,100,Brinjal
50,55,50,27,60,6.6,100,Brinjal
50,55,50,27,60,6.6,100,Brinjal
50,55,50,27,60,6.6,100,Brinjal
50,55,50,27,60,6.6,100,Brinjal
50,55,50,27,60,6.6,100,Brinjal
50,55,50,27,60,6.6,100,Brinjal
50,55,50,27,60,6.6,100,Brinjal
50,55,50,27,60,6.6,100,Brinjal
50,55,50,27,60,6.6,100,Brinjal
50,55,50,27,60,6.6,100,Brinjal
50,55,50,27,60,6.6,100,Brinjal
50,55,50,27,60,6.6,100,Brinjal
50,55,50,27,60,6.6,100,Brinjal
50,55,50,27,60,6.6,100,Brinjal
50,55,50,27,60,6.6,100,Brinjal
50,55,50,27,60,6.6,100,Brinjal
50,55,50,27,60,6.6,100,Brinjal
50,55,50,27,60,6.6,100,Brinjal
50,55,50,27,60,6.6,100,Brinjal
50,55,50,27,60,6.6,100,Brinjal
50,55,50,27,60,6.6,100,Brinjal
50,55,50,27,60,6.6,100,Brinjal
50,55,50,27,60,6.6,100,Brinjal
50,55,50,27,60,6.6,100,Brinjal
50,55,50,27,60,6.6,100,Brinjal
50,55,50,27,60,6.6,100,Brinjal
50,55,50,27,60,6.6,100,Brinjal
50,55,50,27,60,6.6,100,Brinjal
50,55,50,27,60,6.6,100,Brinjal
50,55,50,27,60,6.6,100,Brinjal
50,55,50,27,60,6.6,100,Brinjal
50,55,50,27,60,6.6,100,Brinjal
50,55,50,27,60,6.6,100,Brinjal
50,55,50,27,60,6.6,100,Brinjal
50,55,50,27,60,6.6,100,Brinjal
50,55,50,27,60,6.6,100,Brinjal
50,55,50,27,60,6.6,100,Brinjal
50,55,50,27,60,6.6,100,Brinjal
50,55,50,27,60,6.6,100,Brinjal
50,55,50,27,60,6.6,100,Brinjal
50,55,50,27,60,6.6,100,Brinjal
50,55,50,27,60,6.6,100,Brinjal
50,55,50,27,60,6.6,100,Brinjal
50,55,50,27,60,6.6,100,Brinjal
50,55,50,27,60,6.6,100,Brinjal
50,55,50,27,60,6.6,100,Brinjal
50,55,50,27,60,6.6,100,Brinjal
50,55,50,27,60,6.6,100,Brinjal
50,55,50,27,60,6.6,100,Brinjal
50,55,50,27,60,6.6,100,Brinjal
50,55,50,27,60,6.6,100,Brinjal
50,55,50,27,60,6.6,100,Brinjal
50,55,50,27,60,6.6,100,Brinjal
50,55,50,27,60,6.6,100,Brinjal
50,55,50,27,60,6.6,100,Brinjal
50,55,50,27,60,6.6,100,Brinjal
50,55,50,27,60,6.6,100,Brinjal
50,55,50,27,60,6.6,100,Brinjal
50,55,50,27,60,6.6,100,Brinjal
50,55,50,27,60,6.6,100,Brinjal
50,55,50,27,60,6.6,100,Brinjal
50,55,50,27,60,6.6,100,Brinjal
50,55,50,27,60,6.6,100,Brinjal
50,55,50,27,60,6.6,100,Brinjal
50,55,50,27,60,6.6,100,Brinjal
50,55,50,27,60,6.6,100,Brinjal
50,55,50,27,60,6.6,100,Brinjal
50,55,50,27,60,6.6,100,Brinjal
50,55,50,27,60,6.6,100,Brinjal
50,55,50,27,60,6.6,100,Brinjal
50,55,50,27,60,6.6,100,Brinjal
50,55,50,27,60,6.6,100,Brinjal
50,55,50,27,60,6.6,100,Brinjal
50,55,50,27,60,6.6,100,Brinjal
50,55,50,27,60,6.6,100,Brinjal
50,55,50,27,60,6.6,100,Brinjal
50,55,50,27,60,6.6,100,Brinjal
50,55,50,27,60,6.6,100,Brinjal
50,55,50,27,60,6.6,100,Brinjal
50,55,50,27,60,6.6,100,Brinjal
50,55,50,27,60,6.6,100,Brinjal
50,55,50,27,60,6.6,100,Brinjal
50,55,50,27,60,6.6,100,Brinjal
50,55,50,27,60,6.6,100,Brinjal
50,55,50,27,60,6.6,100,Brinjal
50,55,50,27,60,6.6,100,Brinjal
50,55,50,27,60,6.6,100,Brinjal
50,55,50,27,60,6.6,100,Brinjal
50,55,50,27,60,6.6,100,Brinjal
50,55,50,27,60,6.6,100,Brinjal
50,55,50,27,60,6.6,100,Brinjal
50,55,50,27,60,6.6,100,Brinjal
50,55,50,27,60,6.6,100,Brinjal
50,55,50,27,60,6.6,100,Brinjal
50,55,50,27,60,6.6,100,Brinjal
50,55,50,27,60,6.6,100,Brinjal
50,55,50,27,60,6.6,100,Brinjal
50,55,50,27,60,6.6,100,Brinjal
50,55,50,27,60,6.6,100,Brinjal
50,55,50,27,60,6.6,100,Brinjal
50,55,50,27,60,6.6,100,Brinjal
50,55,50,27,60,6.6,100,Brinjal
50,55,50,27,60,6.6,100,Brinjal
50,55,50,27,60,6.6,100,Brinjal
50,55,50,27,60,6.6,100,Brinjal
50,55,50,27,60,6.6,100,Brinjal
50,55,50,27,60,6.6,100,Brinjal
50,55,50,27,60,6.6,100,Brinjal
50,55,50,27,60,6.6,100,Brinjal
50,55,50,27,60,6.6,100,Brinjal
50,55,50,27,60,6.6,100,Brinjal
50,55,50,27,60,6.6,100,Brinjal
50,55,50,27,60,6.6,100,Brinjal
50,55,50,27,60,6.6,100,Brinjal
50,55,50,27,60,6.6,100,Brinjal
50,55,50,27,60,6.6,100,Brinjal
50,55,50,27,60,6.6,100,Brinjal
50,55,50,27,60,6.6,100,Brinjal
50,55,50,27,60,6.6,100,Brinjal
50,55,50,27,60,6.6,100,Brinjal
50,55,50,27,60,6.6,100,Brinjal
50,55,50,27,60,6.6,100,Brinjal
50,55,50,27,60,6.6,100,Brinjal
50,55,50,27,60,6.6,100,Brinjal
50,55,50,27,60,6.6,100,Brinjal
50,55,50,27,60,6.6,100,Brinjal
50,55,50,27,60,6.6,100,Brinjal
50,55,50,27,60,6.6,100,Brinjal
50,55,50,27,60,6.6,100,Brinjal
50,55,50,27,60,6.6,100,Brinjal
50,55,50,27,60,6.6,100,Brinjal
50,55,50,27,60,6.6,100,Brinjal
50,55,50,27,60,6.6,100,Brinjal
50,55,50,27,60,6.6,100,Brinjal
50,55,50,27,60,6.6,100,Brinjal
50,55,50,27,60,6.6,100,Brinjal
50,55,50,27,60,6.6,100,Brinjal
50,55,50,27,60,6.6,100,Brinjal
50,55,50,27,60,6.6,100,Brinjal
50,55,50,27,60,6.6,100,Brinjal
50,55,50,27,60,6.6,100,Brinjal
50,55,50,27,60,6.6,100,Brinjal
50,55,50,27,60,6.6,100,Brinjal
50,55,50,27,60,6.6,100,Brinjal
50,55,50,27,60,6.6,100,Brinjal
50,55,50,27,60,6.6,100,Brinjal
50,55,50,27,60,6.6,100,Brinjal
50,55,50,27,60,6.6,100,Brinjal
50,55,50,27,60,6.6,100,Brinjal
50,55,50,27,60,6.6,100,Brinjal
50,55,50,27,60,6.6,100,Brinjal
50,55,50,27,60,6.6,100,Brinjal
50,55,50,27,60,6.6,100,Brinjal
50,55,50,27,60,6.6,100,Brinjal
50,55,50,27,60,6.6,100,Brinjal
50,55,50,27,60,6.6,100,Brinjal
50,55,50,27,60,6.6,100,Brinjal
50,55,50,27,60,6.6,100,Brinjal
50,55,50,27,60,6.6,100,Brinjal
50,55,50,27,60,6.6,100,Brinjal
50,55,50,27,60,6.6,100,Brinjal
50,55,50,27,60,6.6,100,Brinjal
50,55,50,27,60,6.6,100,Brinjal
50,55,50,27,60,6.6,100,Brinjal
50,55,50,27,60,6.6,100,Brinjal
50,55,50,27,60,6.6,100,Brinjal
50,55,50,27,60,6.6,100,Brinjal
50,55,50,27,60,6.6,100,Brinjal
50,55,50,27,60,6.6,100,Brinjal
50,55,50,27,60,6.6,100,Brinjal
50,55,50,27,60,6.6,100,Brinjal
50,55,50,27,60,6.6,100,Brinjal
50,55,50,27,60,6.6,100,Brinjal
50,55,50,27,60,6.6,100,Brinjal
50,55,50,27,60,6.6,100,Brinjal
50,55,50,27,60,6.6,100,Brinjal
50,55,50,27,60,6.6,100,Brinjal
50,55,50,27,60,6.6,100,Brinjal
50,55,50,27,60,6.6,100,Brinjal
50,55,50,27,60,6.6,100,Brinjal
50,55,50,27,60,6.6,100,Brinjal
50,55,50,27,60,6.6,100,Brinjal
35,45,35,30,55,6.7,90,Chilli
35,45,35,30,55,6.7,90,Chilli
35,45,35,30,55,6.7,90,Chilli
35,45,35,30,55,6.7,90,Chilli
35,45,35,30,55,6.7,90,Chilli
35,45,35,30,55,6.7,90,Chilli
35,45,35,30,55,6.7,90,Chilli
35,45,35,30,55,6.7,90,Chilli
35,45,35,30,55,6.7,90,Chilli
35,45,35,30,55,6.7,90,Chilli
35,45,35,30,55,6.7,90,Chilli
35,45,35,30,55,6.7,90,Chilli
35,45,35,30,55,6.7,90,Chilli
35,45,35,30,55,6.7,90,Chilli
35,45,35,30,55,6.7,90,Chilli
35,45,35,30,55,6.7,90,Chilli
35,45,35,30,55,6.7,90,Chilli
35,45,35,30,55,6.7,90,Chilli
35,45,35,30,55,6.7,90,Chilli
35,45,35,30,55,6.7,90,Chilli
35,45,35,30,55,6.7,90,Chilli
35,45,35,30,55,6.7,90,Chilli
35,45,35,30,55,6.7,90,Chilli
35,45,35,30,55,6.7,90,Chilli
35,45,35,30,55,6.7,90,Chilli
35,45,35,30,55,6.7,90,Chilli
35,45,35,30,55,6.7,90,Chilli
35,45,35,30,55,6.7,90,Chilli
35,45,35,30,55,6.7,90,Chilli
35,45,35,30,55,6.7,90,Chilli
35,45,35,30,55,6.7,90,Chilli
35,45,35,30,55,6.7,90,Chilli
35,45,35,30,55,6.7,90,Chilli
35,45,35,30,55,6.7,90,Chilli
35,45,35,30,55,6.7,90,Chilli
35,45,35,30,55,6.7,90,Chilli
35,45,35,30,55,6.7,90,Chilli
35,45,35,30,55,6.7,90,Chilli
35,45,35,30,55,6.7,90,Chilli
35,45,35,30,55,6.7,90,Chilli
35,45,35,30,55,6.7,90,Chilli
35,45,35,30,55,6.7,90,Chilli
35,45,35,30,55,6.7,90,Chilli
35,45,35,30,55,6.7,90,Chilli
35,45,35,30,55,6.7,90,Chilli
35,45,35,30,55,6.7,90,Chilli
35,45,35,30,55,6.7,90,Chilli
35,45,35,30,55,6.7,90,Chilli
35,45,35,30,55,6.7,90,Chilli
35,45,35,30,55,6.7,90,Chilli
35,45,35,30,55,6.7,90,Chilli
35,45,35,30,55,6.7,90,Chilli
35,45,35,30,55,6.7,90,Chilli
35,45,35,30,55,6.7,90,Chilli
35,45,35,30,55,6.7,90,Chilli
35,45,35,30,55,6.7,90,Chilli
35,45,35,30,55,6.7,90,Chilli
35,45,35,30,55,6.7,90,Chilli
35,45,35,30,55,6.7,90,Chilli
35,45,35,30,55,6.7,90,Chilli
35,45,35,30,55,6.7,90,Chilli
35,45,35,30,55,6.7,90,Chilli
35,45,35,30,55,6.7,90,Chilli
35,45,35,30,55,6.7,90,Chilli
35,45,35,30,55,6.7,90,Chilli
35,45,35,30,55,6.7,90,Chilli
35,45,35,30,55,6.7,90,Chilli
35,45,35,30,55,6.7,90,Chilli
35,45,35,30,55,6.7,90,Chilli
35,45,35,30,55,6.7,90,Chilli
35,45,35,30,55,6.7,90,Chilli
35,45,35,30,55,6.7,90,Chilli
35,45,35,30,55,6.7,90,Chilli
35,45,35,30,55,6.7,90,Chilli
35,45,35,30,55,6.7,90,Chilli
35,45,35,30,55,6.7,90,Chilli
35,45,35,30,55,6.7,90,Chilli
35,45,35,30,55,6.7,90,Chilli
35,45,35,30,55,6.7,90,Chilli
35,45,35,30,55,6.7,90,Chilli
35,45,35,30,55,6.7,90,Chilli
35,45,35,30,55,6.7,90,Chilli
35,45,35,30,55,6.7,90,Chilli
35,45,35,30,55,6.7,90,Chilli
35,45,35,30,55,6.7,90,Chilli
35,45,35,30,55,6.7,90,Chilli
35,45,35,30,55,6.7,90,Chilli
35,45,35,30,55,6.7,90,Chilli
35,45,35,30,55,6.7,90,Chilli
35,45,35,30,55,6.7,90,Chilli
35,45,35,30,55,6.7,90,Chilli
35,45,35,30,55,6.7,90,Chilli
35,45,35,30,55,6.7,90,Chilli
35,45,35,30,55,6.7,90,Chilli
35,45,35,30,55,6.7,90,Chilli
35,45,35,30,55,6.7,90,Chilli
35,45,35,30,55,6.7,90,Chilli
35,45,35,30,55,6.7,90,Chilli
35,45,35,30,55,6.7,90,Chilli
35,45,35,30,55,6.7,90,Chilli
35,45,35,30,55,6.7,90,Chilli
35,45,35,30,55,6.7,90,Chilli
35,45,35,30,55,6.7,90,Chilli
35,45,35,30,55,6.7,90,Chilli
35,45,35,30,55,6.7,90,Chilli
35,45,35,30,55,6.7,90,Chilli
35,45,35,30,55,6.7,90,Chilli
35,45,35,30,55,6.7,90,Chilli
35,45,35,30,55,6.7,90,Chilli
35,45,35,30,55,6.7,90,Chilli
35,45,35,30,55,6.7,90,Chilli
35,45,35,30,55,6.7,90,Chilli
35,45,35,30,55,6.7,90,Chilli
35,45,35,30,55,6.7,90,Chilli
35,45,35,30,55,6.7,90,Chilli
35,45,35,30,55,6.7,90,Chilli
35,45,35,30,55,6.7,90,Chilli
35,45,35,30,55,6.7,90,Chilli
35,45,35,30,55,6.7,90,Chilli
35,45,35,30,55,6.7,90,Chilli
35,45,35,30,55,6.7,90,Chilli
35,45,35,30,55,6.7,90,Chilli
35,45,35,30,55,6.7,90,Chilli
35,45,35,30,55,6.7,90,Chilli
35,45,35,30,55,6.7,90,Chilli
35,45,35,30,55,6.7,90,Chilli
35,45,35,30,55,6.7,90,Chilli
35,45,35,30,55,6.7,90,Chilli
35,45,35,30,55,6.7,90,Chilli
35,45,35,30,55,6.7,90,Chilli
35,45,35,30,55,6.7,90,Chilli
35,45,35,30,55,6.7,90,Chilli
35,45,35,30,55,6.7,90,Chilli
35,45,35,30,55,6.7,90,Chilli
35,45,35,30,55,6.7,90,Chilli
35,45,35,30,55,6.7,90,Chilli
35,45,35,30,55,6.7,90,Chilli
35,45,35,30,55,6.7,90,Chilli
35,45,35,30,55,6.7,90,Chilli
35,45,35,30,55,6.7,90,Chilli
35,45,35,30,55,6.7,90,Chilli
35,45,35,30,55,6.7,90,Chilli
35,45,35,30,55,6.7,90,Chilli
35,45,35,30,55,6.7,90,Chilli
35,45,35,30,55,6.7,90,Chilli
35,45,35,30,55,6.7,90,Chilli
35,45,35,30,55,6.7,90,Chilli
35,45,35,30,55,6.7,90,Chilli
35,45,35,30,55,6.7,90,Chilli
35,45,35,30,55,6.7,90,Chilli
35,45,35,30,55,6.7,90,Chilli
35,45,35,30,55,6.7,90,Chilli
35,45,35,30,55,6.7,90,Chilli
35,45,35,30,55,6.7,90,Chilli
35,45,35,30,55,6.7,90,Chilli
35,45,35,30,55,6.7,90,Chilli
35,45,35,30,55,6.7,90,Chilli
35,45,35,30,55,6.7,90,Chilli
35,45,35,30,55,6.7,90,Chilli
35,45,35,30,55,6.7,90,Chilli
35,45,35,30,55,6.7,90,Chilli
35,45,35,30,55,6.7,90,Chilli
35,45,35,30,55,6.7,90,Chilli
35,45,35,30,55,6.7,90,Chilli
35,45,35,30,55,6.7,90,Chilli
35,45,35,30,55,6.7,90,Chilli
35,45,35,30,55,6.7,90,Chilli
35,45,35,30,55,6.7,90,Chilli
35,45,35,30,55,6.7,90,Chilli
35,45,35,30,55,6.7,90,Chilli
35,45,35,30,55,6.7,90,Chilli
35,45,35,30,55,6.7,90,Chilli
35,45,35,30,55,6.7,90,Chilli
35,45,35,30,55,6.7,90,Chilli
35,45,35,30,55,6.7,90,Chilli
35,45,35,30,55,6.7,90,Chilli
35,45,35,30,55,6.7,90,Chilli
35,45,35,30,55,6.7,90,Chilli
35,45,35,30,55,6.7,90,Chilli
35,45,35,30,55,6.7,90,Chilli
35,45,35,30,55,6.7,90,Chilli
35,45,35,30,55,6.7,90,Chilli
35,45,35,30,55,6.7,90,Chilli
35,45,35,30,55,6.7,90,Chilli
35,45,35,30,55,6.7,90,Chilli
35,45,35,30,55,6.7,90,Chilli
35,45,35,30,55,6.7,90,Chilli
35,45,35,30,55,6.7,90,Chilli
35,45,35,30,55,6.7,90,Chilli
35,45,35,30,55,6.7,90,Chilli
35,45,35,30,55,6.7,90,Chilli
35,45,35,30,55,6.7,90,Chilli
35,45,35,30,55,6.7,90,Chilli
35,45,35,30,55,6.7,90,Chilli
35,45,35,30,55,6.7,90,Chilli
35,45,35,30,55,6.7,90,Chilli
35,45,35,30,55,6.7,90,Chilli
35,45,35,30,55,6.7,90,Chilli
35,45,35,30,55,6.7,90,Chilli
35,45,35,30,55,6.7,90,Chilli
